{"cameraMode":{"drawMode":0,"name":"Shaded","section":"Shading Mode"},"sceneLighting":true,"audioPlay":false,"sceneViewState":{"m_AlwaysRefresh":false,"showFog":true,"showSkybox":true,"showFlares":true,"showImageEffects":true,"showParticleSystems":true,"showVisualEffectGraphs":true,"m_FxEnabled":true},"in2DMode":false,"pivot":{"x":320.76995849609377,"y":25.563426971435548,"z":473.84759521484377},"rotation":{"x":0.36378583312034609,"y":-0.21069841086864472,"z":0.0849180668592453,"w":0.9034665822982788},"size":183.94786071777345,"orthographic":false}