{"cameraMode":{"drawMode":0,"name":"Shaded","section":"Shading Mode"},"sceneLighting":true,"audioPlay":false,"sceneViewState":{"showFog":true,"showMaterialUpdate":false,"showSkybox":true,"showFlares":true,"showImageEffects":true,"showParticleSystems":true},"in2DMode":false,"pivot":{"x":0.6129182577133179,"y":3.8796348571777345,"z":0.07161903381347656},"rotation":{"x":0.00015855087258387357,"y":-0.9971638321876526,"z":0.0752384141087532,"w":0.002100388053804636},"size":6.675308704376221,"orthographic":false}